tweeter; mentioned
karolbraun; juancommander
karolbraun; PesquisaFapesp
iaravps; juancommander
iaravps; PesquisaFapesp
dominiquebabini; juancommander
dominiquebabini; PesquisaFapesp
dominiquebabini; juancommander
dominiquebabini; PesquisaFapesp
juancommander; PesquisaFapesp
chiare81; stefhaustein
chiare81; lariviev
chiare81; csugimoto
chiare81; timothydbowman
PBLsciupdate; stefhaustein
PBLsciupdate; lariviev
PBLsciupdate; csugimoto
PBLsciupdate; timothydbowman
katychuang; RouhiRoo
katychuang; altmetric
InfoCulture2; stefhaustein
InfoCulture2; mfenner
InfoCulture2; mendeleyAPI
Hadas_Shema; stefhaustein
Hadas_Shema; mfenner
Hadas_Shema; mendeleyAPI
pvanheus; KeitaBando
tafanor; csugimoto
tafanor; IUBloomington
tafanor; WebSciConf
irynakuchma; KeitaBando
nopiedra; juancommander
nopiedra; mfenner
nopiedra; kholmber
nopiedra; kholmber
guijacquemet; Impactstory
guijacquemet; PLOS
guijacquemet; Wikipedia
guijacquemet; F1000
ronaldfar; juancommander
F1000; Impactstory
F1000; PLOS
F1000; Wikipedia
F1000; F1000
DominiqueVanpee; Impactstory
DominiqueVanpee; altmetric
DominiqueVanpee; Impactstory
DominiqueVanpee; altmetric
wmijnhardt; Impactstory
wmijnhardt; altmetric
sharmanedit; Impactstory
sharmanedit; altmetric
JennyDelasalle; library_connect
JennyDelasalle; mfenner
ugnilsson; Impactstory
ugnilsson; altmetric
Scopus; Impactstory
Scopus; altmetric
cpikas; kholmber
KeitaBando; kholmber
KeitaBando; kholmber
juancommander; mfenner
MendeleyStack; mfenner
RodrigoCostas1; kholmber
LSEImpactBlog; juancommander
junszhao; pgroth
drstanbrook; kwelle
drstanbrook; altmetric
pm_burns; DrFishmarketing
pm_burns; CEHScienceNews
pm_burns; DrFishmarketing
pm_burns; CEHScienceNews
Andy_Tattersall; DrFishmarketing
Andy_Tattersall; CEHScienceNews
Andy_Tattersall; DrFishmarketing
Andy_Tattersall; DrFishmarketing
DrFishmarketing; CEHScienceNews
Maria_Tov; tramullas
Maria_Tov; tramullas
SDawsonBerlin; juancommander
isidroaguillo; stefhaustein
isidroaguillo; lariviev
isidroaguillo; csugimoto
isidroaguillo; timothydbowman
RodrigoCostas1; stefhaustein
RodrigoCostas1; lariviev
RodrigoCostas1; csugimoto
RodrigoCostas1; timothydbowman
RodrigoCostas1; skonkiel
RodrigoCostas1; library_connect
RodrigoCostas1; mfenner
DominiqueVanpee; RouhiRoo
DominiqueVanpee; altmetric
DominiqueVanpee; RouhiRoo
DominiqueVanpee; altmetric
zaidachinchilla; kwelle
zaidachinchilla; ernestopriego
zaidachinchilla; figshare
zaidachinchilla; mfenner
onurvarol; stefhaustein
onurvarol; lariviev
onurvarol; csugimoto
onurvarol; timothydbowman
onurvarol; stefhaustein
onurvarol; lariviev
onurvarol; csugimoto
onurvarol; timothydbowman
InfoCulture2; library_connect
InfoCulture2; mfenner
Hadas_Shema; library_connect
Hadas_Shema; mfenner
Hadas_Shema; library_connect
Hadas_Shema; mfenner
jabawack; stefhaustein
jabawack; lariviev
jabawack; csugimoto
jabawack; timothydbowman
LizAllenSO; library_connect
LizAllenSO; mfenner
schwazzee; library_connect
schwazzee; mfenner
schwazzee; library_connect
schwazzee; mfenner
Science_Open; juancommander
blue_and_black1; Impactstory
blue_and_black1; kwelle
blue_and_black1; kwelle
KeitaBando; library_connect
KeitaBando; mfenner
sibelefausto; juancommander
Cuhklibrarian; kwelle
Cuhklibrarian; altmetric
stefhaustein; herrison
stefhaustein; habib
stefhaustein; skonkiel
stefhaustein; Isabella83
herrison; habib
herrison; habib
trmurakami; juancommander
library_connect; mfenner
Impactstory; abugseye
Impactstory; abugseye
dominiquebabini; juancommander
iaravps; RouhiRoo
iaravps; altmetric
iaravps; juancommander
iaravps; abugseye
iaravps; abugseye
iaravps; mfenner
band; Impactstory
band; altmetric
iaravps; RouhiRoo
iaravps; altmetric
habib; RouhiRoo
habib; altmetric
RouhiRoo; altmetric
RouhiRoo; altmetric
RouhiRoo; wellcometrust
RouhiRoo; altmetric
RouhiRoo; mfenner
RouhiRoo; altmetric
RouhiRoo; altmetric
PLOSALM; Impactstory
PLOSALM; PLOS
PLOSALM; nature
mfenner; juancommander
RouhiRoo; altmetric
mfenner; abugseye
isidroaguillo; abugseye
isidroaguillo; mfenner
RouhiRoo; altmetric
RouhiRoo; juancommander
RouhiRoo; altmetric
RouhiRoo; juancommander
abugseye; RouhiRoo
abugseye; altmetric
abugseye; juancommander
RouhiRoo; altmetric
RouhiRoo; juancommander
skonkiel; owleryeatery
skonkiel; Finchsbrasserie
habib; RouhiRoo
habib; altmetric
abugseye; gbilder
melbaek; RodrigoCostas1
melbaek; mfenner
RouhiRoo; altmetric
giustini; abugseye
giustini; habib
RouhiRoo; altmetric
RouhiRoo; altmetric
RouhiRoo; CrossRefNews
KeitaBando; mfenner
KeitaBando; mfenner
KeitaBando; rOpenSci
habib; abugseye
habib; mfenner
RouhiRoo; altmetric
habib; mfenner
Impactstory; mrgunn
Impactstory; Impactstory
Impactstory; drricky
Impactstory; redescielo
abugseye; mfenner
PLOSALM; mfenner
KeitaBando; mfenner
RouhiRoo; altmetric
RouhiRoo; mfenner
KeitaBando; Impactstory
KeitaBando; stefhaustein
KeitaBando; mfenner
KeitaBando; mendeleyAPI
KeitaBando; RodrigoCostas1
KeitaBando; mfenner
RouhiRoo; altmetric
stefhaustein; kwelle
KeitaBando; stefhaustein
KeitaBando; lariviev
KeitaBando; csugimoto
KeitaBando; timothydbowman
WebSciConf; Impactstory
Ehsanwlv; RodrigoCostas1
Ehsanwlv; mfenner
Ehsanwlv; stefhaustein
Ehsanwlv; mfenner
Ehsanwlv; mendeleyAPI
KeitaBando; mfenner
Ehsanwlv; mfenner
isidroaguillo; Impactstory
wmijnhardt; stefhaustein
KeitaBando; Impactstory
KeitaBando; stefhaustein
isidroaguillo; RouhiRoo
isidroaguillo; altmetric
isidroaguillo; juancommander
Ehsanwlv; mfenner
KeitaBando; Impactstory
KeitaBando; PLOS
KeitaBando; Wikipedia
KeitaBando; F1000
RouhiRoo; altmetric
KeitaBando; mfenner
KeitaBando; juancommander
KeitaBando; juancommander
KeitaBando; RouhiRoo
KeitaBando; altmetric
KeitaBando; juancommander
abugseye; RouhiRoo
abugseye; altmetric
abugseye; Stew
SLAAcadSCS; mfenner
SLAAcadSCS; mfenner
SLAAcadSCS; rOpenSci
KeitaBando; Impactstory
RouhiRoo; altmetric
RouhiRoo; Stew
KeitaBando; mfenner
KeitaBando; kwelle
KeitaBando; Stew
RouhiRoo; altmetric
KeitaBando; Impactstory
KeitaBando; altmetric
iaravps; RouhiRoo
iaravps; altmetric
KeitaBando; Impactstory
KeitaBando; altmetric
KeitaBando; Impactstory
KeitaBando; altmetric
iaravps; abugseye
KeitaBando; kwelle
KeitaBando; altmetric
KeitaBando; Stew
iaravps; RouhiRoo
iaravps; altmetric
iaravps; RouhiRoo
iaravps; altmetric
KeitaBando; RouhiRoo
KeitaBando; altmetric
KeitaBando; Stew
RouhiRoo; altmetric
KeitaBando; stefhaustein
KeitaBando; altmetric
KeitaBando; Impactstory
KeitaBando; altmetric
KeitaBando; stefhaustein
KeitaBando; Stew
KeitaBando; altmetric
habib; abugseye
KeitaBando; Impactstory
KeitaBando; Stew
RouhiRoo; abugseye
habib; RouhiRoo
habib; altmetric
RouhiRoo; altmetric
RouhiRoo; altmetric
KeitaBando; stefhaustein
RouhiRoo; altmetric
RouhiRoo; altmetric
RouhiRoo; abugseye
RouhiRoo; altmetric
RouhiRoo; abugseye
RouhiRoo; altmetric
RouhiRoo; abugseye
ZohrehZahedi; RouhiRoo
ZohrehZahedi; altmetric
ZohrehZahedi; RodrigoCostas1
ZohrehZahedi; ZohrehZahedi
RouhiRoo; altmetric
RouhiRoo; abugseye
RouhiRoo; altmetric
RouhiRoo; abugseye
RouhiRoo; altmetric
RouhiRoo; abugseye
RouhiRoo; altmetric
RouhiRoo; abugseye
iaravps; mrgunn
iaravps; Impactstory
iaravps; drricky
iaravps; redescielo
iaravps; RouhiRoo
iaravps; altmetric
iaravps; abugseye
RouhiRoo; altmetric
RouhiRoo; abugseye
RouhiRoo; altmetric
iaravps; juancommander
RouhiRoo; altmetric
RouhiRoo; abugseye
mrgunn; Impactstory
mrgunn; drricky
mrgunn; redescielo
RouhiRoo; altmetric
RouhiRoo; abugseye
kwelle; mfenner
kwelle; abugseye
ZohrehZahedi; mfenner
ZohrehZahedi; ZohrehZahedi
RouhiRoo; altmetric
RouhiRoo; abugseye
alisonmarigold; mfenner
mfenner; abugseye
iaravps; RouhiRoo
iaravps; altmetric
iaravps; abugseye
iaravps; RouhiRoo
iaravps; altmetric
iaravps; abugseye
RouhiRoo; altmetric
RouhiRoo; abugseye
RouhiRoo; altmetric
RouhiRoo; abugseye
RouhiRoo; altmetric
RouhiRoo; abugseye
RouhiRoo; altmetric
RouhiRoo; abugseye
RouhiRoo; Stew
RouhiRoo; mfenner
RouhiRoo; habib
RouhiRoo; researchremix
RouhiRoo; altmetric
RouhiRoo; abugseye
RouhiRoo; altmetric
RouhiRoo; abugseye
RouhiRoo; altmetric
RouhiRoo; abugseye
RouhiRoo; altmetric
RouhiRoo; abugseye
RouhiRoo; altmetric
RouhiRoo; abugseye
RouhiRoo; altmetric
RouhiRoo; abugseye
RouhiRoo; altmetric
RouhiRoo; abugseye
RouhiRoo; altmetric
RouhiRoo; abugseye
RodrigoCostas1; RouhiRoo
RodrigoCostas1; altmetric
RodrigoCostas1; RodrigoCostas1
RodrigoCostas1; ZohrehZahedi
RouhiRoo; altmetric
RouhiRoo; altmetric
RouhiRoo; abugseye
RouhiRoo; altmetric
RouhiRoo; RodrigoCostas1
RouhiRoo; altmetric
RouhiRoo; RodrigoCostas1
mrgunn; mfenner
mrgunn; rOpenSci
LeloBurti; mfenner
mrgunn; mfenner
RouhiRoo; altmetric
RouhiRoo; ZohrehZahedi
RouhiRoo; RodrigoCostas1
habib; RouhiRoo
habib; altmetric
habib; RodrigoCostas1
habib; ZohrehZahedi
iaravps; eomalea
RouhiRoo; altmetric
RouhiRoo; RodrigoCostas1
RouhiRoo; ZohrehZahedi
habib; RouhiRoo
habib; altmetric
habib; RodrigoCostas1
habib; ZohrehZahedi
mfenner; juancommander
mfenner; mfenner
mfenner; PLOSALM
mfenner; ZohrehZahedi
RouhiRoo; altmetric
RouhiRoo; RodrigoCostas1
RouhiRoo; ZohrehZahedi
RouhiRoo; altmetric
RouhiRoo; RodrigoCostas1
RouhiRoo; ZohrehZahedi
habib; mfenner
abugseye; juancommander
abugseye; RouhiRoo
abugseye; RodrigoCostas1
juancommander; RouhiRoo
juancommander; RodrigoCostas1
RouhiRoo; RodrigoCostas1
RouhiRoo; altmetric
RouhiRoo; RodrigoCostas1
RouhiRoo; ZohrehZahedi
RouhiRoo; altmetric
RouhiRoo; RodrigoCostas1
RouhiRoo; ZohrehZahedi
RouhiRoo; altmetric
RouhiRoo; RodrigoCostas1
RouhiRoo; altmetric
RouhiRoo; RodrigoCostas1
RouhiRoo; altmetric
RouhiRoo; RodrigoCostas1
RouhiRoo; ZohrehZahedi
mendeley_com; mfenner
rOpenSci; mfenner
rOpenSci; rOpenSci
recology_; mfenner
recology_; rOpenSci
DominiqueVanpee; mfenner
DominiqueVanpee; rOpenSci
isidroaguillo; mfenner
isidroaguillo; Impactstory
isidroaguillo; JASIST
DominiqueVanpee; Impactstory
DominiqueVanpee; Impactstory
DominiqueVanpee; PLOS
DominiqueVanpee; Wikipedia
DominiqueVanpee; F1000
DominiqueVanpee; mfenner
DominiqueVanpee; Impactstory
DominiqueVanpee; JASIST
ZohrehZahedi; RodrigoCostas1
ZohrehZahedi; mfenner
iaravps; mfenner
iaravps; rOpenSci
iaravps; juancommander
iaravps; mfenner
iaravps; PLOSALM
jjmerelo; Impactstory
jjmerelo; PLOS
jjmerelo; Wikipedia
jjmerelo; F1000
ZohrehZahedi; mfenner
mfenner; rOpenSci
csugimoto; stefhaustein
csugimoto; lariviev
csugimoto; csugimoto
csugimoto; timothydbowman
juancommander; mfenner
juancommander; PLOSALM
tramullas; mfenner
EricJHaaland; Impactstory
EricJHaaland; PLOS
EricJHaaland; Wikipedia
EricJHaaland; F1000
abugseye; mfenner
Impactstory; JASIST
catmacOA; ernestopriego
catmacOA; HEFCE
iaravps; abugseye
iaravps; Impactstory
iaravps; RouhiRoo
iaravps; altmetric
iaravps; mfenner
iaravps; Impactstory
ScienceWatchout; RouhiRoo
ScienceWatchout; altmetric
ScienceWatchout; JASIST
EricdeMarylebon; Impactstory
EricdeMarylebon; PLOS
EricdeMarylebon; Wikipedia
EricdeMarylebon; F1000
RodrigoCostas1; Impactstory
RodrigoCostas1; JASIST
openscience; Impactstory
openscience; PLOS
openscience; Wikipedia
openscience; F1000
RodrigoCostas1; RouhiRoo
RodrigoCostas1; altmetric
RodrigoCostas1; mfenner
RouhiRoo; altmetric
RouhiRoo; JASIST
DominiqueVanpee; Impactstory
DominiqueVanpee; RouhiRoo
DominiqueVanpee; altmetric
DominiqueVanpee; mfenner
Impactstory; JASIST
stefhaustein; Impactstory
AmreaderToo; Impactstory
RouhiRoo; altmetric
RouhiRoo; mfenner
abugseye; mfenner
tramullas; Impactstory
RouhiRoo; altmetric
RouhiRoo; mfenner
tramullas; RouhiRoo
tramullas; altmetric
tramullas; mfenner
tramullas; altmetric
tramullas; stefhaustein
tramullas; mfenner
tramullas; mendeleyAPI
stefhaustein; RouhiRoo
stefhaustein; altmetric
stefhaustein; mfenner
RouhiRoo; altmetric
RouhiRoo; mfenner
iaravps; stefhaustein
iaravps; mfenner
iaravps; mendeleyAPI
mattjhodgkinson; Impactstory
mattjhodgkinson; kholmber
RouhiRoo; altmetric
RouhiRoo; mfenner
stefhaustein; mfenner
stefhaustein; mendeleyAPI
RouhiRoo; altmetric
RouhiRoo; mfenner
RouhiRoo; altmetric
RouhiRoo; altmetric
RouhiRoo; mfenner
RouhiRoo; altmetric
RouhiRoo; PLOSONE
habib; stefhaustein
habib; lariviev
habib; csugimoto
habib; timothydbowman
habib; juancommander
RouhiRoo; altmetric
RouhiRoo; mfenner
habib; Impactstory
habib; PLOS
habib; nature
RouhiRoo; altmetric
RouhiRoo; mfenner
RouhiRoo; PLOS
RouhiRoo; altmetric
habib; mfenner
RouhiRoo; altmetric
RouhiRoo; mfenner
RouhiRoo; PLOSONE
RouhiRoo; altmetric
RouhiRoo; mfenner
abugseye; ZohrehZahedi
abugseye; mfenner
RouhiRoo; RodrigoCostas1
RouhiRoo; mfenner
RouhiRoo; altmetric
RouhiRoo; mfenner
RouhiRoo; TAC_NISO
RodrigoCostas1; mfenner
amigosahpgu; tramullas
RouhiRoo; stefhaustein
RouhiRoo; lariviev
RouhiRoo; csugimoto
RouhiRoo; timothydbowman
juancommander; iaravps
DominiqueVanpee; Impactstory
DominiqueVanpee; stefhaustein
iaravps; juancommander
DominiqueVanpee; mfenner
DominiqueVanpee; RodrigoCostas1
DominiqueVanpee; stefhaustein
iaravps; abugseye
iaravps; stefhaustein
DominiqueVanpee; RodrigoCostas1
DominiqueVanpee; stefhaustein
mfenner; stefhaustein
mfenner; lariviev
mfenner; csugimoto
mfenner; timothydbowman
DominiqueVanpee; ernestopriego
DominiqueVanpee; HEFCE
DominiqueVanpee; Impactstory
DominiqueVanpee; kholmber
DominiqueVanpee; Impactstory
DominiqueVanpee; PLOS
DominiqueVanpee; nature
RouhiRoo; altmetric
Ehsanwlv; RodrigoCostas1
Ehsanwlv; stefhaustein
DominiqueVanpee; stefhaustein
DominiqueVanpee; lariviev
DominiqueVanpee; csugimoto
DominiqueVanpee; timothydbowman
herrison; stefhaustein
herrison; lariviev
herrison; csugimoto
herrison; timothydbowman
tramullas; stefhaustein
tramullas; lariviev
tramullas; csugimoto
tramullas; timothydbowman
timothydbowman; stefhaustein
timothydbowman; lariviev
timothydbowman; csugimoto
timothydbowman; timothydbowman
stefhaustein; lariviev
stefhaustein; csugimoto
stefhaustein; timothydbowman
Impactstory; kholmber
mfenner; Impactstory
mfenner; PLOS
mfenner; nature
Impactstory; PLOS
Impactstory; nature
RodrigoCostas1; Impactstory
RodrigoCostas1; kholmber
stefhaustein; Impactstory
stefhaustein; kholmber
Impactstory; kholmber
mfenner; ernestopriego
mfenner; HEFCE
transi; RodrigoCostas1
transi; stefhaustein
isidroaguillo; mfenner
isidroaguillo; RodrigoCostas1
isidroaguillo; stefhaustein
RodrigoCostas1; abugseye
RodrigoCostas1; mfenner
RodrigoCostas1; mfenner
abugseye; mfenner
eomalea; Impactstory
eomalea; altmetric
eomalea; RodrigoCostas1
eomalea; stefhaustein
isidroaguillo; RodrigoCostas1
isidroaguillo; stefhaustein
tramullas; mfenner
Impactstory; mfenner
abugseye; mfenner
RodrigoCostas1; stefhaustein
RodrigoCostas1; stefhaustein
Impactstory; altmetric
kepitcher; Impactstory
kepitcher; stefhaustein
abugseye; stefhaustein
jarmosaarikko; Impactstory
Impactstory; stefhaustein
eomalea; RodrigoCostas1
eomalea; stefhaustein
tafanor; WebSciConf
tafanor; stefhaustein
tafanor; csugimoto
tafanor; lariviev
jarmosaarikko; Impactstory
RodrigoCostas1; stefhaustein
jarmosaarikko; mfenner
AnsonMackay; ernestopriego
AnsonMackay; HEFCE
chiare81; giustini
jarmosaarikko; Impactstory
jarmosaarikko; Impactstory
jarmosaarikko; altmetric
jmaxsfu; juancommander
drricky; Impactstory
jarmosaarikko; iaravps
jarmosaarikko; juancommander
tamaraheck; kwelle
ArchaeologyLisa; Impactstory
iaravps; juancommander
iaravps; RouhiRoo
iaravps; altmetric
SLAAcadSCS; ernestopriego
SLAAcadSCS; HEFCE
iaravps; Impactstory
iaravps; altmetric
iaravps; kwelle
iaravps; stefhaustein
iaravps; kwelle
iaravps; Stew
iaravps; Impactstory
iaravps; altmetric
isidroaguillo; ernestopriego
isidroaguillo; HEFCE
iaravps; RouhiRoo
iaravps; altmetric
iaravps; Stew
ernestopriego; HEFCE
iaravps; RouhiRoo
iaravps; altmetric
iaravps; Stew
iaravps; RouhiRoo
iaravps; altmetric
iaravps; kwelle
iaravps; RouhiRoo
iaravps; altmetric
iaravps; RouhiRoo
iaravps; altmetric
iaravps; RouhiRoo
iaravps; altmetric
iaravps; RouhiRoo
iaravps; altmetric
iaravps; RouhiRoo
iaravps; altmetric
iaravps; abugseye
Ehsanwlv; juancommander
tramullas; ernestopriego
tramullas; figshare
Stewart_Barker; Impactstory
tafanor; abugseye
pgroth; Impactstory
pgroth; PLOS
pgroth; Wikipedia
pgroth; F1000
iaravps; kwelle
pgroth; juancommander
RouhiRoo; altmetric
RouhiRoo; mfenner
RouhiRoo; jenniferlin15
mjsuhonos; juancommander
iaravps; ernestopriego
iaravps; figshare
RodrigoCostas1; tramullas
isidroaguillo; ernestopriego
isidroaguillo; figshare
ernestopriego; figshare
isidroaguillo; Impactstory
isidroaguillo; PLOS
juancommander; ernestopriego
juancommander; juancommander
habib; mfenner
habib; juancommander
iaravps; RouhiRoo
iaravps; altmetric
iaravps; mfenner
iaravps; jenniferlin15
iaravps; Impactstory
iaravps; PLOS
iaravps; Wikipedia
iaravps; F1000
Impactstory; Wikipedia
Impactstory; PLOS
isidroaguillo; tramullas
juancommander; Impactstory
iaravps; herrison
iaravps; juancommander
RouhiRoo; altmetric
RouhiRoo; mfenner
RouhiRoo; jenniferlin15
Impactstory; PLOS
Impactstory; Wikipedia
Impactstory; F1000
timovt; kwelle
RouhiRoo; altmetric
RouhiRoo; mfenner
RouhiRoo; jenniferlin15
tramullas; Impactstory
tramullas; PLOS
RouhiRoo; altmetric
RouhiRoo; mfenner
RouhiRoo; jenniferlin15
alicebonasio; RouhiRoo
alicebonasio; altmetric
alicebonasio; juancommander
RouhiRoo; altmetric
RouhiRoo; mfenner
RouhiRoo; jenniferlin15
alicebonasio; mfenner
alicebonasio; juancommander
Impactstory; PLOS
joaopsrosa; Impactstory
RouhiRoo; altmetric
RouhiRoo; mfenner
juancommander; herrison
juancommander; juancommander
kwren88; Impactstory
habib; kwelle
RouhiRoo; altmetric
RouhiRoo; juancommander
RouhiRoo; RodrigoCostas1
iaravps; kwelle
Impactstory; iaravps
Impactstory; juancommander
iaravps; juancommander
tramullas; Impactstory
kepitcher; Impactstory
MaureenDonovan; Impactstory
MaureenDonovan; altmetric
RouhiRoo; altmetric
RouhiRoo; juancommander
RouhiRoo; altmetric
RouhiRoo; juancommander
RouhiRoo; altmetric
RouhiRoo; juancommander
RouhiRoo; juancommander
herrison; mfenner
herrison; juancommander
habib; juancommander
habib; RouhiRoo
habib; altmetric
habib; juancommander
ernestopriego; RouhiRoo
ernestopriego; juancommander
RouhiRoo; altmetric
RouhiRoo; juancommander
RouhiRoo; altmetric
RouhiRoo; altmetric
RouhiRoo; juancommander
ernestopriego; juancommander
tohara939; Impactstory
tohara939; altmetric
mfenner; juancommander
ZohrehZahedi; RouhiRoo
ZohrehZahedi; altmetric
ZohrehZahedi; juancommander
kwren88; Impactstory
kwren88; altmetric
kwren88; Impactstory
RouhiRoo; altmetric
RouhiRoo; juancommander
habib; Impactstory
habib; altmetric
jillemery; Impactstory
jillemery; altmetric
iaravps; RouhiRoo
iaravps; altmetric
iaravps; juancommander
iaravps; altmetric
ZohrehZahedi; RouhiRoo
ZohrehZahedi; altmetric
ZohrehZahedi; RodrigoCostas1
Impactstory; altmetric
ZohrehZahedi; RouhiRoo
ZohrehZahedi; altmetric
RouhiRoo; altmetric
RouhiRoo; juancommander
RouhiRoo; altmetric
iaravps; mfenner
iaravps; juancommander
RouhiRoo; altmetric
RouhiRoo; juancommander
RouhiRoo; redescielo
Ehsanwlv; mfenner
Ehsanwlv; kwelle
mfenner; juancommander
iaravps; mfenner
iaravps; juancommander
iaravps; Impactstory
mfenner; juancommander
RouhiRoo; altmetric
RouhiRoo; juancommander
suukii; mfenner
herrison; juancommander
Impactstory; juancommander
pgroth; tramullas
RouhiRoo; altmetric
kepitcher; mfenner
iaravps; RouhiRoo
iaravps; altmetric
Impactstory; mfenner
RouhiRoo; altmetric
iaravps; Impactstory
pgroth; RouhiRoo
pgroth; altmetric
RouhiRoo; altmetric
Ehsanwlv; RouhiRoo
Ehsanwlv; altmetric
Ehsanwlv; RodrigoCostas1
RouhiRoo; altmetric
RouhiRoo; IUBloomington
RouhiRoo; altmetric
RouhiRoo; RodrigoCostas1
RouhiRoo; altmetric
RouhiRoo; altmetric
RouhiRoo; altmetric
RouhiRoo; altmetric
Ehsanwlv; kwelle
Ehsanwlv; Stew
Ehsanwlv; Impactstory
RouhiRoo; altmetric
McDawg; Impactstory
Ehsanwlv; stefhaustein
Ehsanwlv; mfenner
Ehsanwlv; abugseye
RouhiRoo; altmetric
Ehsanwlv; RouhiRoo
abugseye; RouhiRoo
abugseye; altmetric
RouhiRoo; altmetric
RouhiRoo; altmetric
nrobinsongarcia; stefhaustein
nrobinsongarcia; Stew
nrobinsongarcia; altmetric
tramullas; RodrigoCostas1
tramullas; figshare
isidroaguillo; Impactstory
RouhiRoo; altmetric
tramullas; juancommander
RouhiRoo; altmetric
Ehsanwlv; RodrigoCostas1
Ehsanwlv; figshare
Ehsanwlv; RodrigoCostas1
Ehsanwlv; figshare
Ehsanwlv; stefhaustein
RouhiRoo; altmetric
RouhiRoo; altmetric
SLAAcadSCS; juancommander
RouhiRoo; altmetric
kwelle; RodrigoCostas1
SLAAcadSCS; RouhiRoo
SLAAcadSCS; altmetric
RouhiRoo; altmetric
RouhiRoo; altmetric
RouhiRoo; altmetric
RouhiRoo; altmetric
skmorgane; Impactstory
RouhiRoo; altmetric
RouhiRoo; altmetric
RouhiRoo; altmetric
sharonlensky; Impactstory
sharonlensky; altmetric
ColumbiaCDRS; Impactstory
ColumbiaCDRS; altmetric
ColumbiaCDRS; juancommander
HSSOpenAccess; Impactstory
HSSOpenAccess; altmetric
abugseye; RouhiRoo
abugseye; altmetric
abugseye; Stew
abugseye; wellcometrust
abugseye; altmetric
RouhiRoo; altmetric
RouhiRoo; Stew
RouhiRoo; wellcometrust
RouhiRoo; altmetric
RouhiRoo; altmetric
RouhiRoo; Stew
RouhiRoo; altmetric
RouhiRoo; researchremix
isidroaguillo; kwelle
isidroaguillo; altmetric
isidroaguillo; Stew
RouhiRoo; altmetric
RouhiRoo; Stew
RouhiRoo; altmetric
RouhiRoo; altmetric
RouhiRoo; Stew
RouhiRoo; rrkennison
Impactstory; altmetric
isidroaguillo; stefhaustein
RouhiRoo; altmetric
RouhiRoo; Stew
RouhiRoo; altmetric
RouhiRoo; Stew
RouhiRoo; altmetric
Impactstory; altmetric
RouhiRoo; altmetric
RouhiRoo; Stew
Impactstory; altmetric
RouhiRoo; altmetric
RouhiRoo; Stew
Impactstory; RouhiRoo
Impactstory; altmetric
Impactstory; Stew
Impactstory; altmetric
RouhiRoo; altmetric
RouhiRoo; Stew
RouhiRoo; altmetric
RouhiRoo; altmetric
RouhiRoo; Stew
Impactstory; altmetric
RouhiRoo; altmetric
RouhiRoo; Stew
RouhiRoo; altmetric
RouhiRoo; Stew
abugseye; almetric
habib; kwelle
habib; altmetric
habib; Stew
altmetric; Impactstory
altmetric; altmetric
Impactstory; altmetric
RouhiRoo; altmetric
RouhiRoo; Stew
RouhiRoo; altmetric
RouhiRoo; Stew
RouhiRoo; altmetric
RouhiRoo; Stew
stefhaustein; RouhiRoo
stefhaustein; altmetric
stefhaustein; Stew
RouhiRoo; altmetric
RouhiRoo; Stew
stefhaustein; Stew
stefhaustein; Publons
stefhaustein; PubPeer
RouhiRoo; altmetric
RouhiRoo; Stew
stefhaustein; RouhiRoo
stefhaustein; altmetric
stefhaustein; Stew
RouhiRoo; altmetric
RouhiRoo; Stew
stefhaustein; Stew
stefhaustein; altmetric
RouhiRoo; altmetric
RouhiRoo; Stew
RouhiRoo; altmetric
isidroaguillo; kwelle
RouhiRoo; altmetric
RouhiRoo; Stew
RouhiRoo; altmetric
kwelle; altmetric
kwelle; Stew
RouhiRoo; altmetric
RouhiRoo; Stew
abugseye; altmetric
abugseye; Stew
R_Koenig; kwelle
R_Koenig; Stew
tpoi; Impactstory
tpoi; altmetric
stefhaustein; altmetric
RouhiRoo; altmetric
RouhiRoo; Stew
RouhiRoo; portablebrain
habib; RouhiRoo
habib; altmetric
habib; Stew
RouhiRoo; altmetric
RouhiRoo; Stew
machtm; Impactstory
machtm; altmetric
RouhiRoo; kwelle
RouhiRoo; Stew
kwelle; stefhaustein
kwelle; Stew
kwelle; altmetric
kwelle; Stew
RouhiRoo; altmetric
RouhiRoo; Stew
joanebeaudoin; kwelle
joanebeaudoin; altmetric
RouhiRoo; altmetric
RouhiRoo; Stew
benshowers; ernestopriego
benshowers; HEFCE
habib; stefhaustein
habib; Stew
habib; altmetric
Impactstory; altmetric
RouhiRoo; altmetric
RouhiRoo; Stew
stefhaustein; Stew
stefhaustein; altmetric
habib; RouhiRoo
habib; altmetric
abugseye; RouhiRoo
abugseye; altmetric
abugseye; Stew
RouhiRoo; altmetric
RouhiRoo; Stew
altmetric; kwelle
altmetric; altmetric
stefhaustein; kwelle
stefhaustein; altmetric
ernestopriego; HEFCE
kwelle; altmetric
RouhiRoo; altmetric
RouhiRoo; altmetric
RouhiRoo; Stew
RouhiRoo; altmetric
RouhiRoo; Stew
RouhiRoo; altmetric
RouhiRoo; Stew
RouhiRoo; altmetric
RouhiRoo; altmetric
RouhiRoo; Stew
RouhiRoo; Impactstory
RouhiRoo; PlumAnalytics
RouhiRoo; PLOSONE
kwelle; Impactstory
kwelle; Stew
kwelle; altmetric
RouhiRoo; altmetric
RouhiRoo; Stew
RouhiRoo; altmetric
RouhiRoo; Stew
Impactstory; Stew
Impactstory; Stew
Impactstory; altmetric
RouhiRoo; altmetric
RouhiRoo; Stew
tramullas; kwelle
gbilder; kwelle
stefhaustein; Impactstory
RouhiRoo; altmetric
RouhiRoo; altmetric
kwelle; RouhiRoo
kwelle; altmetric
machtm; kwelle
RouhiRoo; altmetric
candeladenoche; Impactstory
machtm; stefhaustein
machtm; RouhiRoo
machtm; altmetric
abugseye; kwelle
habib; RouhiRoo
habib; altmetric
habib; RouhiRoo
habib; altmetric
iaravps; Impactstory
SandySom; kwelle
RouhiRoo; habib
RouhiRoo; RouhiRoo
RouhiRoo; altmetric
RouhiRoo; altmetric
isidroaguillo; Impactstory
RouhiRoo; altmetric
eltransito; tramullas
RouhiRoo; altmetric
habib; RouhiRoo
habib; altmetric
machtm; kwelle
RouhiRoo; altmetric
kwelle; stefhaustein
RouhiRoo; altmetric
herrison; bookdepository
herrison; 111Theatre
RouhiRoo; altmetric
RouhiRoo; altmetric
habib; RouhiRoo
habib; altmetric
RouhiRoo; altmetric
isidroaguillo; Impactstory
RouhiRoo; altmetric
isidroaguillo; RouhiRoo
isidroaguillo; altmetric
dbisibk; WebSciConf
RouhiRoo; altmetric
RouhiRoo; altmetric
mkrauskopf; kwelle
Impactstory; abugseye
tramullas; kwelle
MichaelUCDLib; mfenner
isidroaguillo; kwelle
RouhiRoo; altmetric
habib; RouhiRoo
habib; altmetric
altmetric; Isabella83
WebSciConf; yy
MMMarksman; mfenner
RouhiRoo; ZohrehZahedi
RouhiRoo; mfenner
RouhiRoo; RodrigoCostas1
RouhiRoo; neesjanvaneck
RouhiRoo; paulwouters
mfenner; ZohrehZahedi
mfenner; mfenner
mfenner; RodrigoCostas1
mfenner; neesjanvaneck
mfenner; paulwouters
RouhiRoo; altmetric
RouhiRoo; altmetric
herrison; kwelle
RouhiRoo; altmetric
mfenner; RouhiRoo
mfenner; altmetric
RouhiRoo; altmetric
habib; RouhiRoo
habib; altmetric
iaravps; RouhiRoo
iaravps; altmetric
iaravps; Impactstory
iaravps; RouhiRoo
iaravps; altmetric
suukii; Impactstory
suukii; skonkiel
herrison; jbrittholbrook
iaravps; RouhiRoo
iaravps; altmetric
RouhiRoo; altmetric
RouhiRoo; altmetric
RouhiRoo; altmetric
RouhiRoo; altmetric
isidroaguillo; stefhaustein
stefhaustein; abugseye
RouhiRoo; altmetric
RouhiRoo; altmetric
RouhiRoo; altmetric
herrison; stefhaustein
RouhiRoo; altmetric
RodrigoCostas1; Impactstory
RodrigoCostas1; RouhiRoo
RodrigoCostas1; altmetric
RouhiRoo; altmetric
Estupinya; pgroth
RouhiRoo; altmetric
habib; Impactstory
RouhiRoo; altmetric
RouhiRoo; altmetric
RouhiRoo; Stew
stefhaustein; kwelle
altmetric; Stew
habib; RouhiRoo
RouhiRoo; IUBloomington
dara_info; pgroth
Impactstory; skonkiel
ernestopriego; mfenner
cunchan; pgroth
KeitaBando; pgroth
ZohrehZahedi; mfenner
ZohrehZahedi; RodrigoCostas1
ZohrehZahedi; neesjanvaneck
ZohrehZahedi; paulwouters
habib; INDairport
angelinaward; herrison
McDawg; skonkiel
111Theatre; BritishAirways
elisab79; Isabella83
pampel; stefhaustein
Hadas_Shema; Isabella83
Isabella83; skonkiel
GibertJosep; stefhaustein
GibertJosep; figshare
GibertJosep; WebSciConf
dbeucke; stefhaustein
dbeucke; figshare
dbeucke; WebSciConf
buraktango; stefhaustein
buraktango; figshare
buraktango; WebSciConf
Ehsanwlv; stefhaustein
Ehsanwlv; figshare
Ehsanwlv; WebSciConf
skonkiel; Isabella83
skonkiel; TheTapBeerBar
juancommander; RouhiRoo
juancommander; SFU
KeitaBando; sig_met
KeitaBando; OpenScienceNews
DominiqueVanpee; mfenner
KeitaBando; mfenner
habib; mfenner
PeterKraker; mfenner
RitaNeko1; mfenner
RouhiRoo; altmetric
iaravps; juancommander
RouhiRoo; altmetric
RouhiRoo; abugseye
mrgunn; Impactstory
mrgunn; drricky
mrgunn; redescielo
RouhiRoo; altmetric
RouhiRoo; abugseye
kwelle; mfenner
kwelle; abugseye
ZohrehZahedi; mfenner
ZohrehZahedi; ZohrehZahedi
RouhiRoo; altmetric
RouhiRoo; abugseye
alisonmarigold; mfenner
mfenner; abugseye
iaravps; RouhiRoo
iaravps; altmetric
iaravps; abugseye
iaravps; RouhiRoo
iaravps; altmetric
iaravps; abugseye
RouhiRoo; altmetric
RouhiRoo; abugseye
RouhiRoo; altmetric
RouhiRoo; abugseye
RouhiRoo; altmetric
RouhiRoo; abugseye
RouhiRoo; altmetric
RouhiRoo; abugseye
RouhiRoo; Stew
RouhiRoo; mfenner
RouhiRoo; habib
RouhiRoo; researchremix
RouhiRoo; altmetric
RouhiRoo; abugseye
RouhiRoo; altmetric
RouhiRoo; abugseye
RouhiRoo; altmetric
RouhiRoo; abugseye
RouhiRoo; altmetric
RouhiRoo; abugseye
RouhiRoo; altmetric
RouhiRoo; abugseye
RouhiRoo; altmetric
RouhiRoo; abugseye
RouhiRoo; altmetric
RouhiRoo; abugseye
RouhiRoo; altmetric
RouhiRoo; abugseye
RodrigoCostas1; RouhiRoo
RodrigoCostas1; altmetric
RodrigoCostas1; RodrigoCostas1
RodrigoCostas1; ZohrehZahedi
RouhiRoo; altmetric
RouhiRoo; altmetric
RouhiRoo; abugseye
RouhiRoo; altmetric
RouhiRoo; RodrigoCostas1
RouhiRoo; altmetric
RouhiRoo; RodrigoCostas1
mrgunn; mfenner
mrgunn; rOpenSci
LeloBurti; mfenner
mrgunn; mfenner
RouhiRoo; altmetric
RouhiRoo; ZohrehZahedi
RouhiRoo; RodrigoCostas1
habib; RouhiRoo
habib; altmetric
habib; RodrigoCostas1
habib; ZohrehZahedi
iaravps; eomalea
RouhiRoo; altmetric
RouhiRoo; RodrigoCostas1
RouhiRoo; ZohrehZahedi
habib; RouhiRoo
habib; altmetric
habib; RodrigoCostas1
habib; ZohrehZahedi
mfenner; juancommander
mfenner; mfenner
mfenner; PLOSALM
mfenner; ZohrehZahedi
RouhiRoo; altmetric
RouhiRoo; RodrigoCostas1
RouhiRoo; ZohrehZahedi
RouhiRoo; altmetric
RouhiRoo; RodrigoCostas1
RouhiRoo; ZohrehZahedi
habib; mfenner
abugseye; juancommander
abugseye; RouhiRoo
abugseye; RodrigoCostas1
juancommander; RouhiRoo
juancommander; RodrigoCostas1
RouhiRoo; RodrigoCostas1
RouhiRoo; altmetric
RouhiRoo; RodrigoCostas1
RouhiRoo; ZohrehZahedi
RouhiRoo; altmetric
RouhiRoo; RodrigoCostas1
RouhiRoo; ZohrehZahedi
RouhiRoo; altmetric
RouhiRoo; RodrigoCostas1
RouhiRoo; altmetric
RouhiRoo; RodrigoCostas1
RouhiRoo; altmetric
RouhiRoo; RodrigoCostas1
RouhiRoo; ZohrehZahedi
mendeley_com; mfenner
rOpenSci; mfenner
rOpenSci; rOpenSci
recology_; mfenner
recology_; rOpenSci
DominiqueVanpee; mfenner
DominiqueVanpee; rOpenSci
isidroaguillo; mfenner
isidroaguillo; Impactstory
isidroaguillo; JASIST
isidroaguillo; Impactstory
isidroaguillo; JASIST
DominiqueVanpee; Impactstory
DominiqueVanpee; Impactstory
DominiqueVanpee; PLOS
DominiqueVanpee; Wikipedia
DominiqueVanpee; F1000
DominiqueVanpee; mfenner
DominiqueVanpee; Impactstory
DominiqueVanpee; JASIST
ZohrehZahedi; RodrigoCostas1
ZohrehZahedi; mfenner
iaravps; mfenner
iaravps; rOpenSci
iaravps; juancommander
iaravps; mfenner
iaravps; PLOSALM
jjmerelo; Impactstory
jjmerelo; PLOS
jjmerelo; Wikipedia
jjmerelo; F1000
ZohrehZahedi; mfenner
mfenner; rOpenSci
csugimoto; stefhaustein
csugimoto; lariviev
csugimoto; csugimoto
csugimoto; timothydbowman
juancommander; mfenner
juancommander; PLOSALM
tramullas; mfenner
EricJHaaland; Impactstory
EricJHaaland; PLOS
EricJHaaland; Wikipedia
EricJHaaland; F1000
abugseye; mfenner
Impactstory; JASIST
catmacOA; ernestopriego
catmacOA; HEFCE
iaravps; abugseye
iaravps; Impactstory
iaravps; RouhiRoo
iaravps; altmetric
iaravps; mfenner
iaravps; Impactstory
ScienceWatchout; RouhiRoo
ScienceWatchout; altmetric
ScienceWatchout; JASIST
EricdeMarylebon; Impactstory
EricdeMarylebon; PLOS
EricdeMarylebon; Wikipedia
EricdeMarylebon; F1000
RodrigoCostas1; Impactstory
RodrigoCostas1; JASIST
openscience; Impactstory
openscience; PLOS
openscience; Wikipedia
openscience; F1000
RodrigoCostas1; RouhiRoo
RodrigoCostas1; altmetric
RodrigoCostas1; mfenner
RouhiRoo; altmetric
RouhiRoo; JASIST
DominiqueVanpee; Impactstory
DominiqueVanpee; RouhiRoo
DominiqueVanpee; altmetric
DominiqueVanpee; mfenner
Impactstory; JASIST
stefhaustein; Impactstory
AmreaderToo; Impactstory
RouhiRoo; altmetric
RouhiRoo; mfenner
abugseye; mfenner
tramullas; Impactstory
RouhiRoo; altmetric
RouhiRoo; mfenner
tramullas; RouhiRoo
tramullas; altmetric
tramullas; mfenner
tramullas; altmetric
tramullas; stefhaustein
tramullas; mfenner
tramullas; mendeleyAPI
stefhaustein; RouhiRoo
stefhaustein; altmetric
stefhaustein; mfenner
RouhiRoo; altmetric
RouhiRoo; mfenner
iaravps; stefhaustein
iaravps; mfenner
iaravps; mendeleyAPI
mattjhodgkinson; Impactstory
mattjhodgkinson; kholmber
RouhiRoo; altmetric
RouhiRoo; mfenner
stefhaustein; mfenner
stefhaustein; mendeleyAPI
RouhiRoo; altmetric
RouhiRoo; mfenner
RouhiRoo; altmetric
RouhiRoo; altmetric
RouhiRoo; mfenner
RouhiRoo; altmetric
RouhiRoo; PLOSONE
habib; stefhaustein
habib; lariviev
habib; csugimoto
habib; timothydbowman
habib; juancommander
RouhiRoo; altmetric
RouhiRoo; mfenner
habib; Impactstory
habib; PLOS
habib; nature
RouhiRoo; altmetric
RouhiRoo; mfenner
RouhiRoo; PLOS
RouhiRoo; altmetric
habib; mfenner
RouhiRoo; altmetric
RouhiRoo; mfenner
RouhiRoo; PLOSONE
RouhiRoo; altmetric
RouhiRoo; mfenner
abugseye; ZohrehZahedi
abugseye; mfenner
RouhiRoo; RodrigoCostas1
RouhiRoo; mfenner
RouhiRoo; altmetric
RouhiRoo; mfenner
RouhiRoo; TAC_NISO
RodrigoCostas1; mfenner
amigosahpgu; tramullas
RouhiRoo; stefhaustein
RouhiRoo; lariviev
RouhiRoo; csugimoto
RouhiRoo; timothydbowman
juancommander; iaravps
DominiqueVanpee; Impactstory
DominiqueVanpee; stefhaustein
iaravps; juancommander
DominiqueVanpee; mfenner
DominiqueVanpee; RodrigoCostas1
DominiqueVanpee; stefhaustein
iaravps; abugseye
iaravps; stefhaustein
DominiqueVanpee; RodrigoCostas1
DominiqueVanpee; stefhaustein
mfenner; stefhaustein
mfenner; lariviev
mfenner; csugimoto
mfenner; timothydbowman
DominiqueVanpee; ernestopriego
DominiqueVanpee; HEFCE
DominiqueVanpee; Impactstory
DominiqueVanpee; kholmber
DominiqueVanpee; Impactstory
DominiqueVanpee; PLOS
DominiqueVanpee; nature
RouhiRoo; altmetric
RouhiRoo; altmetric
Ehsanwlv; RodrigoCostas1
Ehsanwlv; stefhaustein
DominiqueVanpee; stefhaustein
DominiqueVanpee; lariviev
DominiqueVanpee; csugimoto
DominiqueVanpee; timothydbowman
herrison; stefhaustein
herrison; lariviev
herrison; csugimoto
herrison; timothydbowman
tramullas; stefhaustein
tramullas; lariviev
tramullas; csugimoto
tramullas; timothydbowman
timothydbowman; stefhaustein
timothydbowman; lariviev
timothydbowman; csugimoto
timothydbowman; timothydbowman
stefhaustein; lariviev
stefhaustein; csugimoto
stefhaustein; timothydbowman
Impactstory; kholmber
mfenner; Impactstory
mfenner; PLOS
mfenner; nature
Impactstory; PLOS
Impactstory; nature
RodrigoCostas1; Impactstory
RodrigoCostas1; kholmber
stefhaustein; Impactstory
stefhaustein; kholmber
Impactstory; kholmber
mfenner; ernestopriego
mfenner; HEFCE
transi; RodrigoCostas1
transi; stefhaustein
isidroaguillo; mfenner
isidroaguillo; RodrigoCostas1
isidroaguillo; stefhaustein
RodrigoCostas1; abugseye
RodrigoCostas1; mfenner
RodrigoCostas1; mfenner
abugseye; mfenner
eomalea; Impactstory
eomalea; altmetric
eomalea; RodrigoCostas1
eomalea; stefhaustein
isidroaguillo; RodrigoCostas1
isidroaguillo; stefhaustein
tramullas; mfenner
Impactstory; mfenner
abugseye; mfenner
RodrigoCostas1; stefhaustein
RodrigoCostas1; stefhaustein
Impactstory; altmetric
kepitcher; Impactstory
kepitcher; stefhaustein
abugseye; stefhaustein
jarmosaarikko; Impactstory
Impactstory; stefhaustein
eomalea; RodrigoCostas1
eomalea; stefhaustein
tafanor; WebSciConf
tafanor; stefhaustein
tafanor; csugimoto
tafanor; lariviev
jarmosaarikko; Impactstory
RodrigoCostas1; stefhaustein
jarmosaarikko; mfenner
AnsonMackay; ernestopriego
AnsonMackay; HEFCE
chiare81; giustini
chiare81; giustini
jarmosaarikko; Impactstory
jarmosaarikko; Impactstory
jarmosaarikko; altmetric
jmaxsfu; juancommander
drricky; Impactstory
jarmosaarikko; iaravps
jarmosaarikko; juancommander
tamaraheck; kwelle
ArchaeologyLisa; Impactstory
iaravps; juancommander
iaravps; RouhiRoo
iaravps; altmetric
SLAAcadSCS; ernestopriego
SLAAcadSCS; HEFCE
iaravps; Impactstory
iaravps; altmetric
iaravps; kwelle
iaravps; stefhaustein
iaravps; kwelle
iaravps; Stew
iaravps; Impactstory
iaravps; altmetric
isidroaguillo; ernestopriego
isidroaguillo; HEFCE
iaravps; RouhiRoo
iaravps; altmetric
iaravps; Stew
ernestopriego; HEFCE
iaravps; RouhiRoo
iaravps; altmetric
iaravps; Stew
iaravps; RouhiRoo
iaravps; altmetric
iaravps; kwelle
iaravps; RouhiRoo
iaravps; altmetric
iaravps; RouhiRoo
iaravps; altmetric
iaravps; RouhiRoo
iaravps; altmetric
iaravps; RouhiRoo
iaravps; altmetric
iaravps; RouhiRoo
iaravps; altmetric
iaravps; RouhiRoo
iaravps; altmetric
iaravps; abugseye
Ehsanwlv; juancommander
tramullas; ernestopriego
tramullas; figshare
Stewart_Barker; Impactstory
tafanor; abugseye
pgroth; Impactstory
pgroth; PLOS
pgroth; Wikipedia
pgroth; F1000
iaravps; kwelle
pgroth; juancommander
RouhiRoo; altmetric
RouhiRoo; mfenner
RouhiRoo; jenniferlin15
mjsuhonos; juancommander
iaravps; ernestopriego
iaravps; figshare
RodrigoCostas1; tramullas
isidroaguillo; ernestopriego
isidroaguillo; figshare
ernestopriego; figshare
isidroaguillo; Impactstory
isidroaguillo; PLOS
juancommander; ernestopriego
juancommander; juancommander
habib; mfenner
habib; juancommander
iaravps; RouhiRoo
iaravps; altmetric
iaravps; mfenner
iaravps; jenniferlin15
iaravps; Impactstory
iaravps; PLOS
iaravps; Wikipedia
iaravps; F1000
Impactstory; Wikipedia
Impactstory; PLOS
isidroaguillo; tramullas
juancommander; Impactstory
iaravps; herrison
iaravps; juancommander
RouhiRoo; altmetric
RouhiRoo; mfenner
RouhiRoo; jenniferlin15
Impactstory; PLOS
Impactstory; Wikipedia
Impactstory; F1000
timovt; kwelle
RouhiRoo; altmetric
RouhiRoo; mfenner
RouhiRoo; jenniferlin15
tramullas; Impactstory
tramullas; PLOS
RouhiRoo; altmetric
RouhiRoo; mfenner
RouhiRoo; jenniferlin15
alicebonasio; RouhiRoo
alicebonasio; altmetric
alicebonasio; juancommander
RouhiRoo; altmetric
RouhiRoo; mfenner
RouhiRoo; jenniferlin15
alicebonasio; mfenner
alicebonasio; juancommander
Impactstory; PLOS
joaopsrosa; Impactstory
RouhiRoo; altmetric
RouhiRoo; mfenner
juancommander; herrison
juancommander; juancommander
kwren88; Impactstory
habib; kwelle
RouhiRoo; altmetric
RouhiRoo; juancommander
RouhiRoo; RodrigoCostas1
iaravps; kwelle
Impactstory; iaravps
Impactstory; juancommander
iaravps; juancommander
tramullas; Impactstory
kepitcher; Impactstory
MaureenDonovan; Impactstory
MaureenDonovan; altmetric
RouhiRoo; altmetric
RouhiRoo; juancommander
RouhiRoo; altmetric
RouhiRoo; juancommander
RouhiRoo; altmetric
RouhiRoo; juancommander
RouhiRoo; juancommander
herrison; mfenner
herrison; juancommander
habib; juancommander
habib; RouhiRoo
habib; altmetric
habib; juancommander
ernestopriego; RouhiRoo
ernestopriego; juancommander
RouhiRoo; altmetric
RouhiRoo; juancommander
RouhiRoo; altmetric
RouhiRoo; altmetric
RouhiRoo; juancommander
ernestopriego; juancommander
tohara939; Impactstory
tohara939; altmetric
mfenner; juancommander
ZohrehZahedi; RouhiRoo
ZohrehZahedi; altmetric
ZohrehZahedi; juancommander
kwren88; Impactstory
kwren88; altmetric
kwren88; Impactstory
RouhiRoo; altmetric
RouhiRoo; juancommander
habib; Impactstory
habib; altmetric
jillemery; Impactstory
jillemery; altmetric
iaravps; RouhiRoo
iaravps; altmetric
iaravps; juancommander
iaravps; altmetric
ZohrehZahedi; RouhiRoo
ZohrehZahedi; altmetric
ZohrehZahedi; RodrigoCostas1
Impactstory; altmetric
ZohrehZahedi; RouhiRoo
ZohrehZahedi; altmetric
RouhiRoo; altmetric
RouhiRoo; juancommander
RouhiRoo; altmetric
iaravps; mfenner
iaravps; juancommander
RouhiRoo; altmetric
RouhiRoo; juancommander
RouhiRoo; redescielo
Ehsanwlv; mfenner
Ehsanwlv; kwelle
mfenner; juancommander
iaravps; mfenner
iaravps; juancommander
iaravps; Impactstory
mfenner; juancommander
RouhiRoo; altmetric
RouhiRoo; juancommander
suukii; mfenner
herrison; juancommander
Impactstory; juancommander
pgroth; tramullas
RouhiRoo; altmetric
kepitcher; mfenner
iaravps; RouhiRoo
iaravps; altmetric
iaravps; RouhiRoo
iaravps; altmetric
Impactstory; mfenner
RouhiRoo; altmetric
iaravps; Impactstory
pgroth; RouhiRoo
pgroth; altmetric
RouhiRoo; altmetric
Ehsanwlv; RouhiRoo
Ehsanwlv; altmetric
Ehsanwlv; RodrigoCostas1
RouhiRoo; altmetric
RouhiRoo; IUBloomington
RouhiRoo; altmetric
RouhiRoo; RodrigoCostas1
RouhiRoo; altmetric
RouhiRoo; altmetric
RouhiRoo; altmetric
RouhiRoo; altmetric
Ehsanwlv; kwelle
Ehsanwlv; Stew
Ehsanwlv; Impactstory
RouhiRoo; altmetric
McDawg; Impactstory
Ehsanwlv; stefhaustein
Ehsanwlv; mfenner
Ehsanwlv; abugseye
RouhiRoo; altmetric
Ehsanwlv; RouhiRoo
abugseye; RouhiRoo
abugseye; altmetric
RouhiRoo; altmetric
RouhiRoo; altmetric
nrobinsongarcia; stefhaustein
nrobinsongarcia; Stew
nrobinsongarcia; altmetric
tramullas; RodrigoCostas1
tramullas; figshare
isidroaguillo; Impactstory
RouhiRoo; altmetric
tramullas; juancommander
RouhiRoo; altmetric
Ehsanwlv; RodrigoCostas1
Ehsanwlv; figshare
Ehsanwlv; RodrigoCostas1
Ehsanwlv; figshare
Ehsanwlv; stefhaustein
RouhiRoo; altmetric
RouhiRoo; altmetric
SLAAcadSCS; juancommander
RouhiRoo; altmetric
kwelle; RodrigoCostas1
SLAAcadSCS; RouhiRoo
SLAAcadSCS; altmetric
RouhiRoo; altmetric
RouhiRoo; altmetric
RouhiRoo; altmetric
RouhiRoo; altmetric
skmorgane; Impactstory
RouhiRoo; altmetric
RouhiRoo; altmetric
RouhiRoo; altmetric
sharonlensky; Impactstory
sharonlensky; altmetric
ColumbiaCDRS; Impactstory
ColumbiaCDRS; altmetric
ColumbiaCDRS; juancommander
HSSOpenAccess; Impactstory
HSSOpenAccess; altmetric
abugseye; RouhiRoo
abugseye; altmetric
abugseye; Stew
abugseye; wellcometrust
abugseye; altmetric
RouhiRoo; altmetric
RouhiRoo; Stew
RouhiRoo; wellcometrust
RouhiRoo; altmetric
RouhiRoo; altmetric
RouhiRoo; Stew
RouhiRoo; altmetric
RouhiRoo; researchremix
isidroaguillo; kwelle
isidroaguillo; altmetric
isidroaguillo; Stew
RouhiRoo; altmetric
RouhiRoo; Stew
RouhiRoo; altmetric
RouhiRoo; altmetric
RouhiRoo; Stew
RouhiRoo; rrkennison
Impactstory; altmetric
isidroaguillo; stefhaustein
RouhiRoo; altmetric
RouhiRoo; Stew
RouhiRoo; altmetric
RouhiRoo; Stew
RouhiRoo; altmetric
Impactstory; altmetric
RouhiRoo; altmetric
RouhiRoo; Stew
Impactstory; altmetric
RouhiRoo; altmetric
RouhiRoo; Stew
Impactstory; RouhiRoo
Impactstory; altmetric
Impactstory; Stew
Impactstory; altmetric
RouhiRoo; altmetric
RouhiRoo; Stew
RouhiRoo; altmetric
RouhiRoo; altmetric
RouhiRoo; Stew
Impactstory; altmetric
RouhiRoo; altmetric
RouhiRoo; Stew
RouhiRoo; altmetric
RouhiRoo; Stew
abugseye; almetric
habib; kwelle
habib; altmetric
habib; Stew
altmetric; Impactstory
altmetric; altmetric
Impactstory; altmetric
RouhiRoo; altmetric
RouhiRoo; Stew
RouhiRoo; altmetric
RouhiRoo; Stew
RouhiRoo; altmetric
RouhiRoo; Stew
stefhaustein; RouhiRoo
stefhaustein; altmetric
stefhaustein; Stew
RouhiRoo; altmetric
RouhiRoo; Stew
stefhaustein; Stew
stefhaustein; Publons
stefhaustein; PubPeer
RouhiRoo; altmetric
RouhiRoo; Stew
stefhaustein; RouhiRoo
stefhaustein; altmetric
stefhaustein; Stew
RouhiRoo; altmetric
RouhiRoo; Stew
stefhaustein; Stew
stefhaustein; altmetric
RouhiRoo; altmetric
RouhiRoo; Stew
RouhiRoo; altmetric
isidroaguillo; kwelle
RouhiRoo; altmetric
RouhiRoo; Stew
RouhiRoo; altmetric
kwelle; altmetric
kwelle; Stew
RouhiRoo; altmetric
RouhiRoo; Stew
abugseye; altmetric
abugseye; Stew
R_Koenig; kwelle
R_Koenig; Stew
tpoi; Impactstory
tpoi; altmetric
stefhaustein; altmetric
RouhiRoo; altmetric
RouhiRoo; Stew
RouhiRoo; portablebrain
habib; RouhiRoo
habib; altmetric
habib; Stew
RouhiRoo; altmetric
RouhiRoo; Stew
machtm; Impactstory
machtm; altmetric
RouhiRoo; kwelle
RouhiRoo; Stew
kwelle; stefhaustein
kwelle; Stew
kwelle; altmetric
kwelle; Stew
RouhiRoo; altmetric
RouhiRoo; Stew
joanebeaudoin; kwelle
joanebeaudoin; altmetric
RouhiRoo; altmetric
RouhiRoo; Stew
benshowers; ernestopriego
benshowers; HEFCE
habib; stefhaustein
habib; Stew
habib; altmetric
Impactstory; altmetric
RouhiRoo; altmetric
RouhiRoo; Stew
stefhaustein; Stew
stefhaustein; altmetric
habib; RouhiRoo
habib; altmetric
abugseye; RouhiRoo
abugseye; altmetric
abugseye; Stew
RouhiRoo; altmetric
RouhiRoo; Stew
altmetric; kwelle
altmetric; altmetric
stefhaustein; kwelle
stefhaustein; altmetric
ernestopriego; HEFCE
kwelle; altmetric
RouhiRoo; altmetric
RouhiRoo; altmetric
RouhiRoo; Stew
RouhiRoo; altmetric
RouhiRoo; Stew
RouhiRoo; altmetric
RouhiRoo; Stew
RouhiRoo; altmetric
RouhiRoo; altmetric
RouhiRoo; Stew
RouhiRoo; Impactstory
RouhiRoo; PlumAnalytics
RouhiRoo; PLOSONE
kwelle; Impactstory
kwelle; Stew
kwelle; altmetric
RouhiRoo; altmetric
RouhiRoo; Stew
RouhiRoo; altmetric
RouhiRoo; Stew
Impactstory; Stew
Impactstory; Stew
Impactstory; altmetric
RouhiRoo; altmetric
RouhiRoo; Stew
tramullas; kwelle
gbilder; kwelle
stefhaustein; Impactstory
RouhiRoo; altmetric
RouhiRoo; altmetric
kwelle; RouhiRoo
kwelle; altmetric
machtm; kwelle
RouhiRoo; altmetric
candeladenoche; Impactstory
machtm; stefhaustein
machtm; RouhiRoo
machtm; altmetric
abugseye; kwelle
habib; RouhiRoo
habib; altmetric
habib; RouhiRoo
habib; altmetric
iaravps; Impactstory
SandySom; kwelle
RouhiRoo; habib
RouhiRoo; RouhiRoo
RouhiRoo; altmetric
RouhiRoo; altmetric
isidroaguillo; Impactstory
RouhiRoo; altmetric
eltransito; tramullas
RouhiRoo; altmetric
habib; RouhiRoo
habib; altmetric
machtm; kwelle
RouhiRoo; altmetric
kwelle; stefhaustein
RouhiRoo; altmetric
herrison; bookdepository
herrison; 111Theatre
RouhiRoo; altmetric
RouhiRoo; altmetric
habib; RouhiRoo
habib; altmetric
RouhiRoo; altmetric
isidroaguillo; Impactstory
RouhiRoo; altmetric
isidroaguillo; RouhiRoo
isidroaguillo; altmetric
dbisibk; WebSciConf
RouhiRoo; altmetric
RouhiRoo; altmetric
mkrauskopf; kwelle
Impactstory; abugseye
tramullas; kwelle
MichaelUCDLib; mfenner
isidroaguillo; kwelle
RouhiRoo; altmetric
habib; RouhiRoo
habib; altmetric
altmetric; Isabella83
WebSciConf; yy
MMMarksman; mfenner
RouhiRoo; ZohrehZahedi
RouhiRoo; mfenner
RouhiRoo; RodrigoCostas1
RouhiRoo; neesjanvaneck
RouhiRoo; paulwouters
mfenner; ZohrehZahedi
mfenner; mfenner
mfenner; RodrigoCostas1
mfenner; neesjanvaneck
mfenner; paulwouters
RouhiRoo; altmetric
RouhiRoo; altmetric
herrison; kwelle
RouhiRoo; altmetric
mfenner; RouhiRoo
mfenner; altmetric
RouhiRoo; altmetric
habib; RouhiRoo
habib; altmetric
iaravps; RouhiRoo
iaravps; altmetric
iaravps; Impactstory
iaravps; RouhiRoo
iaravps; altmetric
suukii; Impactstory
suukii; skonkiel
herrison; jbrittholbrook
iaravps; RouhiRoo
iaravps; altmetric
RouhiRoo; altmetric
RouhiRoo; altmetric
RouhiRoo; altmetric
RouhiRoo; altmetric
isidroaguillo; stefhaustein
stefhaustein; abugseye
RouhiRoo; altmetric
RouhiRoo; altmetric
RouhiRoo; altmetric
herrison; stefhaustein
RouhiRoo; altmetric
RodrigoCostas1; Impactstory
RodrigoCostas1; RouhiRoo
RodrigoCostas1; altmetric
RouhiRoo; altmetric
Estupinya; pgroth
RouhiRoo; altmetric
habib; Impactstory
RouhiRoo; altmetric
RouhiRoo; altmetric
RouhiRoo; Stew
stefhaustein; kwelle
altmetric; Stew
habib; RouhiRoo
RouhiRoo; IUBloomington
dara_info; pgroth
Impactstory; skonkiel
ernestopriego; mfenner
cunchan; pgroth
KeitaBando; pgroth
ZohrehZahedi; mfenner
ZohrehZahedi; RodrigoCostas1
ZohrehZahedi; neesjanvaneck
ZohrehZahedi; paulwouters
habib; INDairport
angelinaward; herrison
McDawg; skonkiel
111Theatre; BritishAirways
elisab79; Isabella83
pampel; stefhaustein
Hadas_Shema; Isabella83
Isabella83; skonkiel
GibertJosep; stefhaustein
GibertJosep; figshare
GibertJosep; WebSciConf
dbeucke; stefhaustein
dbeucke; figshare
dbeucke; WebSciConf
buraktango; stefhaustein
buraktango; figshare
buraktango; WebSciConf
Ehsanwlv; stefhaustein
Ehsanwlv; figshare
Ehsanwlv; WebSciConf
skonkiel; Isabella83
skonkiel; TheTapBeerBar
juancommander; RouhiRoo
juancommander; SFU
KeitaBando; sig_met
KeitaBando; OpenScienceNews
DominiqueVanpee; mfenner
KeitaBando; mfenner
habib; mfenner
PeterKraker; mfenner
RitaNeko1; mfenner
RouhiRoo; altmetric
RouhiRoo; Stew
RouhiRoo; portablebrain
habib; RouhiRoo
habib; altmetric
habib; Stew
RouhiRoo; altmetric
RouhiRoo; Stew
machtm; Impactstory
machtm; altmetric
RouhiRoo; kwelle
RouhiRoo; Stew
kwelle; stefhaustein
kwelle; Stew
kwelle; altmetric
kwelle; Stew
RouhiRoo; altmetric
RouhiRoo; Stew
joanebeaudoin; kwelle
joanebeaudoin; altmetric
RouhiRoo; altmetric
RouhiRoo; Stew
benshowers; ernestopriego
benshowers; HEFCE
habib; stefhaustein
habib; Stew
habib; altmetric
Impactstory; altmetric
RouhiRoo; altmetric
RouhiRoo; Stew
stefhaustein; Stew
stefhaustein; altmetric
habib; RouhiRoo
habib; altmetric
abugseye; RouhiRoo
abugseye; altmetric
abugseye; Stew
RouhiRoo; altmetric
RouhiRoo; Stew
altmetric; kwelle
altmetric; altmetric
stefhaustein; kwelle
stefhaustein; altmetric
ernestopriego; HEFCE
kwelle; altmetric
RouhiRoo; altmetric
RouhiRoo; altmetric
RouhiRoo; Stew
RouhiRoo; altmetric
RouhiRoo; Stew
RouhiRoo; altmetric
RouhiRoo; Stew
RouhiRoo; altmetric
RouhiRoo; altmetric
RouhiRoo; Stew
RouhiRoo; Impactstory
RouhiRoo; PlumAnalytics
RouhiRoo; PLOSONE
kwelle; Impactstory
kwelle; Stew
kwelle; altmetric
RouhiRoo; altmetric
RouhiRoo; Stew
RouhiRoo; altmetric
RouhiRoo; Stew
Impactstory; Stew
Impactstory; Stew
Impactstory; altmetric
RouhiRoo; altmetric
RouhiRoo; Stew
tramullas; kwelle
gbilder; kwelle
stefhaustein; Impactstory
RouhiRoo; altmetric
RouhiRoo; altmetric
kwelle; RouhiRoo
kwelle; altmetric
machtm; kwelle
RouhiRoo; altmetric
candeladenoche; Impactstory
machtm; stefhaustein
machtm; RouhiRoo
machtm; altmetric
abugseye; kwelle
habib; RouhiRoo
habib; altmetric
habib; RouhiRoo
habib; altmetric
iaravps; Impactstory
SandySom; kwelle
RouhiRoo; habib
RouhiRoo; RouhiRoo
RouhiRoo; altmetric
RouhiRoo; altmetric
isidroaguillo; Impactstory
RouhiRoo; altmetric
eltransito; tramullas
RouhiRoo; altmetric
habib; RouhiRoo
habib; altmetric
machtm; kwelle
RouhiRoo; altmetric
kwelle; stefhaustein
RouhiRoo; altmetric
herrison; bookdepository
herrison; 111Theatre
RouhiRoo; altmetric
RouhiRoo; altmetric
habib; RouhiRoo
habib; altmetric
RouhiRoo; altmetric
isidroaguillo; Impactstory
RouhiRoo; altmetric
isidroaguillo; RouhiRoo
isidroaguillo; altmetric
dbisibk; WebSciConf
RouhiRoo; altmetric
RouhiRoo; altmetric
mkrauskopf; kwelle
Impactstory; abugseye
tramullas; kwelle
MichaelUCDLib; mfenner
isidroaguillo; kwelle
RouhiRoo; altmetric
habib; RouhiRoo
habib; altmetric
altmetric; Isabella83
WebSciConf; yy
MMMarksman; mfenner
RouhiRoo; ZohrehZahedi
RouhiRoo; mfenner
RouhiRoo; RodrigoCostas1
RouhiRoo; neesjanvaneck
RouhiRoo; paulwouters
mfenner; ZohrehZahedi
mfenner; mfenner
mfenner; RodrigoCostas1
mfenner; neesjanvaneck
mfenner; paulwouters
RouhiRoo; altmetric
RouhiRoo; altmetric
herrison; kwelle
RouhiRoo; altmetric
mfenner; RouhiRoo
mfenner; altmetric
RouhiRoo; altmetric
habib; RouhiRoo
habib; altmetric
iaravps; RouhiRoo
iaravps; altmetric
iaravps; Impactstory
iaravps; RouhiRoo
iaravps; altmetric
suukii; Impactstory
suukii; skonkiel
herrison; jbrittholbrook
iaravps; RouhiRoo
iaravps; altmetric
RouhiRoo; altmetric
RouhiRoo; altmetric
RouhiRoo; altmetric
RouhiRoo; altmetric
isidroaguillo; stefhaustein
stefhaustein; abugseye
RouhiRoo; altmetric
RouhiRoo; altmetric
RouhiRoo; altmetric
herrison; stefhaustein
RouhiRoo; altmetric
RodrigoCostas1; Impactstory
RodrigoCostas1; RouhiRoo
RodrigoCostas1; altmetric
RouhiRoo; altmetric
Estupinya; pgroth
RouhiRoo; altmetric
habib; Impactstory
RouhiRoo; altmetric
RouhiRoo; altmetric
RouhiRoo; Stew
stefhaustein; kwelle
altmetric; Stew
habib; RouhiRoo
RouhiRoo; IUBloomington
dara_info; pgroth
Impactstory; skonkiel
ernestopriego; mfenner
cunchan; pgroth
KeitaBando; pgroth
ZohrehZahedi; mfenner
ZohrehZahedi; RodrigoCostas1
ZohrehZahedi; neesjanvaneck
ZohrehZahedi; paulwouters
habib; INDairport
angelinaward; herrison
McDawg; skonkiel
111Theatre; BritishAirways
elisab79; Isabella83
pampel; stefhaustein
Hadas_Shema; Isabella83
Isabella83; skonkiel
GibertJosep; stefhaustein
GibertJosep; figshare
GibertJosep; WebSciConf
dbeucke; stefhaustein
dbeucke; figshare
dbeucke; WebSciConf
buraktango; stefhaustein
buraktango; figshare
buraktango; WebSciConf
Ehsanwlv; stefhaustein
Ehsanwlv; figshare
Ehsanwlv; WebSciConf
skonkiel; Isabella83
skonkiel; TheTapBeerBar
juancommander; RouhiRoo
juancommander; SFU
KeitaBando; sig_met
KeitaBando; OpenScienceNews
DominiqueVanpee; mfenner
KeitaBando; mfenner
habib; mfenner
PeterKraker; mfenner
RitaNeko1; mfenner
altmetric; Stew
habib; RouhiRoo
RouhiRoo; IUBloomington
dara_info; pgroth
Impactstory; skonkiel
ernestopriego; mfenner
ernestopriego; mfenner
cunchan; pgroth
KeitaBando; pgroth
ZohrehZahedi; mfenner
ZohrehZahedi; RodrigoCostas1
ZohrehZahedi; neesjanvaneck
ZohrehZahedi; paulwouters
habib; INDairport
angelinaward; herrison
McDawg; skonkiel
111Theatre; BritishAirways
elisab79; Isabella83
pampel; stefhaustein
Hadas_Shema; Isabella83
Hadas_Shema; Isabella83
Isabella83; skonkiel
GibertJosep; stefhaustein
GibertJosep; figshare
GibertJosep; WebSciConf
dbeucke; stefhaustein
dbeucke; figshare
dbeucke; WebSciConf
buraktango; stefhaustein
buraktango; figshare
buraktango; WebSciConf
Ehsanwlv; stefhaustein
Ehsanwlv; figshare
Ehsanwlv; WebSciConf
Ehsanwlv; stefhaustein
Ehsanwlv; figshare
Ehsanwlv; WebSciConf
skonkiel; Isabella83
skonkiel; TheTapBeerBar
juancommander; RouhiRoo
juancommander; SFU
KeitaBando; sig_met
KeitaBando; OpenScienceNews
DominiqueVanpee; mfenner
DominiqueVanpee; mfenner
KeitaBando; mfenner
habib; mfenner
PeterKraker; mfenner
RitaNeko1; mfenner
Ehsanwlv; mfenner
Ehsanwlv; mrgunn
juancommander; stefhaustein
Science_Open; Impactstory
Science_Open; stefhaustein
jillemery; Impactstory
jillemery; stefhaustein
jillemery; Impactstory
jillemery; stefhaustein
Impactstory; stefhaustein
isidroaguillo; stefhaustein
isidroaguillo; WebSciConf
tafanor; stefhaustein
tafanor; WebSciConf
tafanor; stefhaustein
tafanor; WebSciConf
Milanes_guisado; stefhaustein
RodrigoCostas1; stefhaustein
nrobinsongarcia; stefhaustein
nrobinsongarcia; stefhaustein
LizAllenSO; stefhaustein
Milanes_guisado; stefhaustein
Milanes_guisado; WebSciConf
Science_Open; stefhaustein
cynocephale; stefhaustein
cynocephale; figshare
cynocephale; WebSciConf
KeitaBando; stefhaustein
stefhaustein; ciripache
stefhaustein; pgroth
stefhaustein; WebSciConf
stefhaustein; WebSciConf
digitalsci; Isabella83
terliesner; Isabella83
IPN_Library; Isabella83
lfvscience20; Isabella83
ardalby71; Isabella83
figshare; Isabella83
kwelle; Isabella83
sig_met; Isabella83
kholmber; stefhaustein
kholmber; figshare
kholmber; WebSciConf
digitalsci; stefhaustein
digitalsci; figshare
digitalsci; WebSciConf
chiare81; stefhaustein
chiare81; figshare
chiare81; WebSciConf
ronaldfar; RodrigoCostas1
ronaldfar; figshare
ronaldfar; ciripache
ronaldfar; pgroth
ronaldfar; ciripache
ronaldfar; pgroth
juancommander; ronaldfar
juancommander; iaravps
ronaldfar; juancommander
ronaldfar; juancommander
carlosqgvader; RodrigoCostas1
carlosqgvader; figshare
eomalea; RodrigoCostas1
eomalea; figshare
AliceLDaugherty; RodrigoCostas1
AliceLDaugherty; figshare
AliceLDaugherty; RodrigoCostas1
AliceLDaugherty; figshare
mwscheung; stefhaustein
mwscheung; figshare
mwscheung; WebSciConf
EStovold; RodrigoCostas1
EStovold; figshare
digitalsci; RodrigoCostas1
digitalsci; figshare
ttso; RodrigoCostas1
ttso; figshare
peter_sjogarde; RodrigoCostas1
peter_sjogarde; figshare
peter_sjogarde; RodrigoCostas1
peter_sjogarde; figshare
Julie_covuni; ciripache
Julie_covuni; pgroth
ciripache; pgroth
mfenner; RodrigoCostas1
mfenner; figshare
mfenner; RodrigoCostas1
mfenner; figshare
isidroaguillo; stefhaustein
isidroaguillo; figshare
isidroaguillo; WebSciConf
mfenner; stefhaustein
mfenner; figshare
mfenner; WebSciConf
mfenner; stefhaustein
mfenner; figshare
mfenner; WebSciConf
isidroaguillo; pgroth
isidroaguillo; figshare
Julie_covuni; pgroth
Julie_covuni; figshare
Julie_covuni; pgroth
Julie_covuni; figshare
sunnychoi2; juancommander
sunnychoi2; pgroth
sunnychoi2; juancommander
sunnychoi2; mrgunn
christycaldwell; juancommander
christycaldwell; pgroth
christycaldwell; juancommander
christycaldwell; mrgunn
DominiqueVanpee; RodrigoCostas1
DominiqueVanpee; figshare
DominiqueVanpee; pgroth
ccess; RodrigoCostas1
ccess; figshare
ccess; pgroth
RodrigoCostas1; figshare
RodrigoCostas1; figshare
RodrigoCostas1; figshare
RodrigoCostas1; figshare
RodrigoCostas1; figshare
RodrigoCostas1; figshare
juancommander; RodrigoCostas1
juancommander; figshare
juancommander; pgroth
juancommander; RodrigoCostas1
juancommander; figshare
juancommander; pgroth
AmieDoidge; pgroth
AmieDoidge; figshare
WebSciConf; stefhaustein
WebSciConf; figshare
WebSciConf; WebSciConf
mrgunn; juancommander
mrgunn; pgroth
mrgunn; juancommander
mrgunn; mrgunn
fbouchard; stefhaustein
fbouchard; figshare
fbouchard; WebSciConf
blue_and_black1; pgroth
blue_and_black1; figshare
SLAAcadSCS; stefhaustein
SLAAcadSCS; juancommander
SLAAcadSCS; juditbi
SLAAcadSCS; RodrigoCostas1
SLAAcadSCS; kholmber
SLAAcadSCS; jenniferlin15
SLAAcadSCS; ZohrehZahedi
KeitaBando; stefhaustein
KeitaBando; juancommander
KeitaBando; juditbi
KeitaBando; RodrigoCostas1
KeitaBando; kholmber
KeitaBando; jenniferlin15
KeitaBando; ZohrehZahedi
KeitaBando; pgroth
KeitaBando; figshare
RodrigoCostas1; juancommander
RodrigoCostas1; pgroth
RodrigoCostas1; juancommander
RodrigoCostas1; mrgunn
RodrigoCostas1; stefhaustein
RodrigoCostas1; juancommander
RodrigoCostas1; juditbi
RodrigoCostas1; RodrigoCostas1
RodrigoCostas1; kholmber
RodrigoCostas1; jenniferlin15
RodrigoCostas1; ZohrehZahedi
RodrigoCostas1; stefhaustein
RodrigoCostas1; figshare
jasonpriem; stefhaustein
jasonpriem; figshare
jasonpriem; WebSciConf
stefhaustein; juancommander
stefhaustein; juditbi
stefhaustein; RodrigoCostas1
stefhaustein; kholmber
stefhaustein; jenniferlin15
stefhaustein; ZohrehZahedi
stefhaustein; juancommander
stefhaustein; juditbi
stefhaustein; RodrigoCostas1
stefhaustein; kholmber
stefhaustein; jenniferlin15
stefhaustein; ZohrehZahedi
AliceLDaugherty; pgroth
AliceLDaugherty; figshare
stefhaustein; figshare
stefhaustein; WebSciConf
juancommander; pgroth
juancommander; juancommander
juancommander; mrgunn
RodrigoCostas1; figshare
RodrigoCostas1; pgroth
RodrigoCostas1; pgroth
RodrigoCostas1; figshare
figshare; pgroth
figshare; figshare
MsPhelps; pgroth
MsPhelps; figshare
pgroth; figshare
pgroth; figshare
ronaldfar; iaravps
ronaldfar; juancommander
ronaldfar; ronaldfar
ronaldfar; trmurakami
ronaldfar; fgouveia
ronaldfar; sibelefausto
mrgunn; juancommander
ernestopriego; figshare
ernestopriego; juancommander
ernestopriego; mfenner
mfenner; mrgunn
digitalsci; sibelefausto
digitalsci; juancommander
digitalsci; iaravps
sibelefausto; juancommander
sibelefausto; iaravps
iaravps; juancommander
iaravps; ronaldfar
iaravps; trmurakami
iaravps; fgouveia
iaravps; sibelefausto
aviggio; juancommander
aviggio; figshare
MarkHahnel; juancommander
MarkHahnel; figshare
mfenner; juancommander
mfenner; figshare
KeitaBando; juancommander
KeitaBando; figshare
isidroaguillo; juancommander
isidroaguillo; figshare
figshare; juancommander
figshare; figshare
juancommander; figshare
juancommander; figshare
